Time,Sequence Number,Event
0,1,send
0,1001,send
0,2001,send
0,1,transmit
0.008,1001,transmit
0.010000000000000002,1001,ack
0.010000000000000002,3001,send
0.010000000000000002,4001,send
0.016,2001,transmit
0.018000000000000002,2001,ack
0.018000000000000002,5001,send
0.018000000000000002,6001,send
0.024,3001,transmit
0.026000000000000002,3001,ack
0.026000000000000002,7001,send
0.026000000000000002,8001,send
0.032,4001,transmit
0.034,4001,ack
0.034,9001,send
0.034,10001,send
0.04,5001,transmit
0.042,5001,ack
0.042,11001,send
0.042,12001,send
0.048,6001,transmit
0.05,6001,ack
0.05,13001,send
0.05,14001,send
0.056,7001,transmit
0.058,7001,ack
0.058,15001,send
0.058,16001,send
0.064,8001,transmit
0.066,8001,ack
0.066,17001,send
0.066,18001,send
0.07200000000000001,9001,transmit
0.07400000000000001,9001,ack
0.07400000000000001,19001,send
0.07400000000000001,20001,send
0.08000000000000002,10001,transmit
0.08200000000000002,10001,ack
0.08200000000000002,21001,send
0.08200000000000002,22001,send
0.08800000000000002,11001,transmit
0.09000000000000002,11001,ack
0.09000000000000002,23001,send
0.09000000000000002,24001,send
0.09600000000000003,12001,transmit
0.09800000000000003,12001,ack
0.09800000000000003,25001,send
0.09800000000000003,26001,send
0.10400000000000004,13001,transmit
0.10600000000000004,13001,ack
0.10600000000000004,27001,send
0.10600000000000004,28001,send
0.11200000000000004,14001,transmit
0.11400000000000005,14001,ack
0.11400000000000005,29001,send
0.11400000000000005,30001,send
0.12000000000000005,15001,transmit
0.12200000000000005,15001,ack
0.12200000000000005,31001,send
0.12200000000000005,32001,send
0.12800000000000006,16001,transmit
0.13000000000000006,16001,ack
0.13000000000000006,33001,send
0.13000000000000006,34001,send
0.13600000000000007,17001,transmit
0.13800000000000007,17001,ack
0.13800000000000007,35001,send
0.13800000000000007,36001,send
0.14400000000000007,18001,transmit
0.14600000000000007,18001,ack
0.14600000000000007,37001,send
0.14600000000000007,38001,send
0.15200000000000008,19001,transmit
0.15400000000000008,19001,ack
0.15400000000000008,39001,send
0.15400000000000008,40001,send
0.1600000000000001,20001,transmit
0.1620000000000001,20001,ack
0.1620000000000001,41001,send
0.1620000000000001,42001,send
0.1680000000000001,21001,transmit
0.1700000000000001,21001,ack
0.1700000000000001,43001,send
0.1700000000000001,44001,send
0.1760000000000001,22001,transmit
0.1780000000000001,22001,ack
0.1780000000000001,45001,send
0.1780000000000001,46001,send
0.1840000000000001,23001,transmit
0.1860000000000001,23001,ack
0.1860000000000001,47001,send
0.1860000000000001,48001,send
0.19200000000000012,24001,transmit
0.19400000000000012,24001,ack
0.19400000000000012,49001,send
0.19400000000000012,50001,send
0.20000000000000012,25001,transmit
0.20200000000000012,25001,ack
0.20200000000000012,51001,send
0.20200000000000012,52001,send
0.20800000000000013,26001,transmit
0.21000000000000013,26001,ack
0.21000000000000013,53001,send
0.21000000000000013,54001,send
0.21600000000000014,27001,transmit
0.21800000000000014,27001,ack
0.21800000000000014,55001,send
0.21800000000000014,56001,send
0.22400000000000014,28001,transmit
0.22600000000000015,28001,ack
0.22600000000000015,57001,send
0.22600000000000015,58001,send
0.23200000000000015,29001,transmit
0.23400000000000015,29001,ack
0.23400000000000015,59001,send
0.23400000000000015,60001,send
0.24000000000000016,30001,transmit
0.24200000000000016,30001,ack
0.24200000000000016,61001,send
0.24200000000000016,62001,send
0.24800000000000016,31001,transmit
0.25000000000000017,31001,ack
0.25000000000000017,63001,send
0.25000000000000017,64001,send
0.25600000000000017,32001,transmit
0.2580000000000002,32001,ack
0.2580000000000002,65001,send
0.2580000000000002,66001,send
0.2640000000000002,33001,transmit
0.2660000000000002,33001,ack
0.2660000000000002,67001,send
0.2660000000000002,68001,send
0.2720000000000002,34001,transmit
0.2740000000000002,34001,ack
0.2740000000000002,69001,send
0.2740000000000002,70001,send
0.2800000000000002,35001,transmit
0.2820000000000002,35001,ack
0.2820000000000002,71001,send
0.2820000000000002,72001,send
0.2880000000000002,36001,transmit
0.2900000000000002,36001,ack
0.2900000000000002,73001,send
0.2900000000000002,74001,send
0.2960000000000002,37001,transmit
0.2980000000000002,37001,ack
0.2980000000000002,75001,send
0.2980000000000002,76001,send
0.3040000000000002,38001,transmit
0.3060000000000002,38001,ack
0.3060000000000002,77001,send
0.3060000000000002,78001,send
0.3120000000000002,39001,transmit
0.3140000000000002,39001,ack
0.3140000000000002,79001,send
0.3140000000000002,80001,send
0.32000000000000023,40001,transmit
0.32200000000000023,40001,ack
0.32200000000000023,81001,send
0.32200000000000023,82001,send
0.32800000000000024,41001,transmit
0.33000000000000024,41001,ack
0.33000000000000024,83001,send
0.33000000000000024,84001,send
0.33600000000000024,42001,transmit
0.33800000000000024,42001,ack
0.33800000000000024,85001,send
0.33800000000000024,86001,send
0.34400000000000025,43001,transmit
0.34600000000000025,43001,ack
0.34600000000000025,87001,send
0.34600000000000025,88001,send
0.35200000000000026,44001,transmit
0.35400000000000026,44001,ack
0.35400000000000026,89001,send
0.35400000000000026,90001,send
0.36000000000000026,45001,transmit
0.36200000000000027,45001,ack
0.36200000000000027,91001,send
0.36200000000000027,92001,send
0.36800000000000027,46001,transmit
0.3700000000000003,46001,ack
0.3700000000000003,93001,send
0.3700000000000003,94001,send
0.3760000000000003,47001,transmit
0.3780000000000003,47001,ack
0.3780000000000003,95001,send
0.3780000000000003,96001,send
0.3840000000000003,48001,transmit
0.3860000000000003,48001,ack
0.3860000000000003,97001,send
0.3860000000000003,98001,send
0.3920000000000003,49001,transmit
0.3940000000000003,49001,ack
0.3940000000000003,99001,send
0.3940000000000003,100001,send
0.4000000000000003,50001,transmit
0.4020000000000003,50001,ack
0.4020000000000003,101001,send
0.4020000000000003,102001,send
0.4080000000000003,51001,transmit
0.4100000000000003,51001,ack
0.4100000000000003,103001,send
0.4100000000000003,104001,send
0.4160000000000003,52001,transmit
0.4180000000000003,52001,ack
0.4180000000000003,105001,send
0.4180000000000003,106001,send
0.4240000000000003,53001,transmit
0.4260000000000003,53001,ack
0.4260000000000003,107001,send
0.4260000000000003,108001,send
0.43200000000000033,54001,transmit
0.43400000000000033,54001,ack
0.43400000000000033,109001,send
0.43400000000000033,110001,send
0.44000000000000034,55001,transmit
0.44200000000000034,55001,ack
0.44200000000000034,111001,send
0.44200000000000034,112001,send
0.44800000000000034,56001,transmit
0.45000000000000034,56001,ack
0.45000000000000034,113001,send
0.45000000000000034,114001,send
0.45600000000000035,57001,transmit
0.45800000000000035,57001,ack
0.45800000000000035,115001,send
0.45800000000000035,116001,send
0.46400000000000036,58001,transmit
0.46600000000000036,58001,ack
0.46600000000000036,117001,send
0.46600000000000036,118001,send
0.47200000000000036,59001,transmit
0.47400000000000037,59001,ack
0.47400000000000037,119001,send
0.47400000000000037,120001,send
0.48000000000000037,60001,transmit
0.4820000000000004,60001,ack
0.4820000000000004,121001,send
0.4820000000000004,122001,send
0.4880000000000004,61001,transmit
0.4900000000000004,61001,ack
0.4900000000000004,123001,send
0.4900000000000004,124001,send
0.4960000000000004,62001,transmit
0.4980000000000004,62001,ack
0.4980000000000004,125001,send
0.4980000000000004,126001,send
0.5040000000000003,63001,transmit
0.5060000000000003,63001,ack
0.5060000000000003,127001,send
0.5060000000000003,128001,send
0.5120000000000003,64001,transmit
0.5140000000000003,64001,ack
0.5140000000000003,129001,send
0.5140000000000003,130001,send
0.5200000000000004,65001,transmit
0.5220000000000004,65001,ack
0.5220000000000004,131001,send
0.5220000000000004,132001,send
0.5280000000000004,66001,transmit
0.5300000000000004,66001,ack
0.5300000000000004,133001,send
0.5300000000000004,134001,send
0.5360000000000004,67001,transmit
0.5380000000000004,67001,ack
0.5380000000000004,135001,send
0.5380000000000004,136001,send
0.5440000000000004,68001,transmit
0.5460000000000004,68001,ack
0.5460000000000004,137001,send
0.5460000000000004,138001,send
0.5520000000000004,69001,transmit
0.5540000000000004,69001,ack
0.5540000000000004,139001,send
0.5540000000000004,140001,send
0.5600000000000004,70001,transmit
0.5620000000000004,70001,ack
0.5620000000000004,141001,send
0.5620000000000004,142001,send
0.5680000000000004,71001,transmit
0.5700000000000004,71001,ack
0.5700000000000004,143001,send
0.5700000000000004,144001,send
0.5760000000000004,72001,transmit
0.5780000000000004,72001,ack
0.5780000000000004,145001,send
0.5780000000000004,146001,send
0.5840000000000004,73001,transmit
0.5860000000000004,73001,ack
0.5860000000000004,147001,send
0.5860000000000004,148001,send
0.5920000000000004,74001,transmit
0.5940000000000004,74001,ack
0.5940000000000004,149001,send
0.5940000000000004,150001,send
0.6000000000000004,75001,transmit
0.6020000000000004,75001,ack
0.6020000000000004,151001,send
0.6020000000000004,152001,send
0.6080000000000004,76001,transmit
0.6100000000000004,76001,ack
0.6100000000000004,153001,send
0.6100000000000004,154001,send
0.6160000000000004,77001,transmit
0.6180000000000004,77001,ack
0.6180000000000004,155001,send
0.6180000000000004,156001,send
0.6240000000000004,78001,transmit
0.6260000000000004,78001,ack
0.6260000000000004,157001,send
0.6260000000000004,158001,send
0.6320000000000005,79001,transmit
0.6340000000000005,79001,ack
0.6340000000000005,159001,send
0.6340000000000005,160001,send
0.6400000000000005,80001,transmit
0.6420000000000005,80001,ack
0.6420000000000005,161001,send
0.6420000000000005,162001,send
0.6480000000000005,81001,transmit
0.6500000000000005,81001,ack
0.6500000000000005,163001,send
0.6500000000000005,164001,send
0.6560000000000005,82001,transmit
0.6580000000000005,82001,ack
0.6580000000000005,165001,send
0.6580000000000005,166001,send
0.6640000000000005,83001,transmit
0.6660000000000005,83001,ack
0.6660000000000005,167001,send
0.6660000000000005,168001,send
0.6720000000000005,84001,transmit
0.6740000000000005,84001,ack
0.6740000000000005,169001,send
0.6740000000000005,170001,send
0.6800000000000005,85001,transmit
0.6820000000000005,85001,ack
0.6820000000000005,171001,send
0.6820000000000005,172001,send
0.6880000000000005,86001,transmit
0.6900000000000005,86001,ack
0.6900000000000005,173001,send
0.6900000000000005,174001,send
0.6960000000000005,87001,transmit
0.6980000000000005,87001,ack
0.6980000000000005,175001,send
0.6980000000000005,176001,send
0.7040000000000005,88001,transmit
0.7060000000000005,88001,ack
0.7060000000000005,177001,send
0.7060000000000005,178001,send
0.7120000000000005,89001,transmit
0.7140000000000005,89001,ack
0.7140000000000005,179001,send
0.7140000000000005,180001,send
0.7200000000000005,90001,transmit
0.7220000000000005,90001,ack
0.7220000000000005,181001,send
0.7220000000000005,182001,send
0.7280000000000005,91001,transmit
0.7300000000000005,91001,ack
0.7300000000000005,183001,send
0.7300000000000005,184001,send
0.7360000000000005,92001,transmit
0.7380000000000005,92001,ack
0.7380000000000005,185001,send
0.7380000000000005,186001,send
0.7440000000000005,93001,transmit
0.7460000000000006,93001,ack
0.7460000000000006,187001,send
0.7460000000000006,188001,send
0.7520000000000006,94001,transmit
0.7540000000000006,94001,ack
0.7540000000000006,189001,send
0.7540000000000006,190001,send
0.7600000000000006,95001,transmit
0.7620000000000006,95001,ack
0.7620000000000006,191001,send
0.7620000000000006,192001,send
0.7680000000000006,96001,transmit
0.7700000000000006,96001,ack
0.7700000000000006,193001,send
0.7700000000000006,194001,send
0.7760000000000006,97001,transmit
0.7780000000000006,97001,ack
0.7780000000000006,195001,send
0.7780000000000006,196001,send
0.7840000000000006,98001,transmit
0.7860000000000006,98001,ack
0.7860000000000006,197001,send
0.7920000000000006,99001,transmit
0.7940000000000006,99001,ack
0.7940000000000006,198001,send
0.8000000000000006,100001,transmit
0.8020000000000006,100001,ack
0.8020000000000006,199001,send
0.8080000000000006,101001,transmit
0.8100000000000006,101001,ack
0.8100000000000006,200001,send
0.8160000000000006,102001,transmit
0.8180000000000006,102001,ack
0.8180000000000006,201001,send
0.8240000000000006,103001,transmit
0.8260000000000006,103001,ack
0.8260000000000006,202001,send
0.8320000000000006,104001,transmit
0.8340000000000006,104001,ack
0.8340000000000006,203001,send
0.8400000000000006,105001,transmit
0.8420000000000006,105001,ack
0.8420000000000006,204001,send
0.8480000000000006,106001,transmit
0.8500000000000006,106001,ack
0.8500000000000006,205001,send
0.8560000000000006,107001,transmit
0.8580000000000007,107001,ack
0.8580000000000007,206001,send
0.8640000000000007,108001,transmit
0.8660000000000007,108001,ack
0.8660000000000007,207001,send
0.8720000000000007,109001,transmit
0.8740000000000007,109001,ack
0.8740000000000007,208001,send
0.8800000000000007,110001,transmit
0.8820000000000007,110001,ack
0.8820000000000007,209001,send
0.8880000000000007,111001,transmit
0.8900000000000007,111001,ack
0.8900000000000007,210001,send
0.8960000000000007,112001,transmit
0.8980000000000007,112001,ack
0.8980000000000007,211001,send
0.9040000000000007,113001,transmit
0.9060000000000007,113001,ack
0.9060000000000007,212001,send
0.9120000000000007,114001,transmit
0.9140000000000007,114001,ack
0.9140000000000007,213001,send
0.9200000000000007,115001,transmit
0.9220000000000007,115001,ack
0.9220000000000007,214001,send
0.9280000000000007,116001,transmit
0.9300000000000007,116001,ack
0.9300000000000007,215001,send
0.9360000000000007,117001,transmit
0.9380000000000007,117001,ack
0.9380000000000007,216001,send
0.9440000000000007,118001,transmit
0.9460000000000007,118001,ack
0.9460000000000007,217001,send
0.9520000000000007,119001,transmit
0.9540000000000007,119001,ack
0.9540000000000007,218001,send
0.9600000000000007,120001,transmit
0.9620000000000007,120001,ack
0.9620000000000007,219001,send
0.9680000000000007,121001,transmit
0.9700000000000008,121001,ack
0.9700000000000008,220001,send
0.9760000000000008,122001,transmit
0.9780000000000008,122001,ack
0.9780000000000008,221001,send
0.9840000000000008,123001,transmit
0.9860000000000008,123001,ack
0.9860000000000008,222001,send
0.9920000000000008,124001,transmit
0.9940000000000008,124001,ack
0.9940000000000008,223001,send
1.0,124001,send
1.0000000000000007,125001,transmit
1.0020000000000007,125001,ack
1.0020000000000007,125001,send
1.0020000000000007,126001,send
1.0080000000000007,126001,transmit
1.0100000000000005,126001,ack
1.0100000000000005,127001,send
1.0100000000000005,128001,send
1.0160000000000007,127001,transmit
1.0180000000000005,127001,ack
1.0180000000000005,129001,send
1.0180000000000005,130001,send
1.0240000000000007,128001,transmit
1.0260000000000005,128001,ack
1.0260000000000005,131001,send
1.0260000000000005,132001,send
1.0320000000000007,129001,transmit
1.0340000000000005,129001,ack
1.0340000000000005,133001,send
1.0340000000000005,134001,send
1.0400000000000007,130001,transmit
1.0420000000000005,130001,ack
1.0420000000000005,135001,send
1.0420000000000005,136001,send
1.0480000000000007,131001,transmit
1.0500000000000005,131001,ack
1.0500000000000005,137001,send
1.0500000000000005,138001,send
1.0560000000000007,132001,transmit
1.0580000000000005,132001,ack
1.0580000000000005,139001,send
1.0580000000000005,140001,send
1.0640000000000007,133001,transmit
1.0660000000000005,133001,ack
1.0660000000000005,141001,send
1.0660000000000005,142001,send
1.0720000000000007,134001,transmit
1.0740000000000005,134001,ack
1.0740000000000005,143001,send
1.0740000000000005,144001,send
1.0800000000000007,135001,transmit
1.0820000000000005,135001,ack
1.0820000000000005,145001,send
1.0820000000000005,146001,send
1.0880000000000007,136001,transmit
1.0900000000000005,136001,ack
1.0900000000000005,147001,send
1.0900000000000005,148001,send
1.0960000000000008,137001,transmit
1.0980000000000005,137001,ack
1.0980000000000005,149001,send
1.0980000000000005,150001,send
1.1040000000000008,138001,transmit
1.1060000000000005,138001,ack
1.1060000000000005,151001,send
1.1060000000000005,152001,send
1.1120000000000008,139001,transmit
1.1140000000000005,139001,ack
1.1140000000000005,153001,send
1.1140000000000005,154001,send
1.1200000000000008,140001,transmit
1.1220000000000006,140001,ack
1.1220000000000006,155001,send
1.1220000000000006,156001,send
1.1280000000000008,141001,transmit
1.1300000000000006,141001,ack
1.1300000000000006,157001,send
1.1300000000000006,158001,send
1.1360000000000008,142001,transmit
1.1380000000000006,142001,ack
1.1380000000000006,159001,send
1.1380000000000006,160001,send
1.1440000000000008,143001,transmit
1.1460000000000006,143001,ack
1.1460000000000006,161001,send
1.1460000000000006,162001,send
1.1520000000000008,144001,transmit
1.1540000000000006,144001,ack
1.1540000000000006,163001,send
1.1540000000000006,164001,send
1.1600000000000008,145001,transmit
1.1620000000000006,145001,ack
1.1620000000000006,165001,send
1.1620000000000006,166001,send
1.1680000000000008,146001,transmit
1.1700000000000006,146001,ack
1.1700000000000006,167001,send
1.1700000000000006,168001,send
1.1760000000000008,147001,transmit
1.1780000000000006,147001,ack
1.1780000000000006,169001,send
1.1780000000000006,170001,send
1.1840000000000008,148001,transmit
1.1860000000000006,148001,ack
1.1860000000000006,171001,send
1.1860000000000006,172001,send
1.1920000000000008,149001,transmit
1.1940000000000006,149001,ack
1.1940000000000006,173001,send
1.1940000000000006,174001,send
1.2000000000000008,150001,transmit
1.2020000000000006,150001,ack
1.2020000000000006,175001,send
1.2020000000000006,176001,send
1.2080000000000009,151001,transmit
1.2100000000000006,151001,ack
1.2100000000000006,177001,send
1.2100000000000006,178001,send
1.2160000000000009,152001,transmit
1.2180000000000006,152001,ack
1.2180000000000006,179001,send
1.2180000000000006,180001,send
1.2240000000000009,153001,transmit
1.2260000000000006,153001,ack
1.2260000000000006,181001,send
1.2260000000000006,182001,send
1.2320000000000009,154001,transmit
1.2340000000000007,154001,ack
1.2340000000000007,183001,send
1.2340000000000007,184001,send
1.2400000000000009,155001,transmit
1.2420000000000007,155001,ack
1.2420000000000007,185001,send
1.2420000000000007,186001,send
1.2480000000000009,156001,transmit
1.2500000000000007,156001,ack
1.2500000000000007,187001,send
1.2500000000000007,188001,send
1.256000000000001,157001,transmit
1.2580000000000007,157001,ack
1.2580000000000007,189001,send
1.2580000000000007,190001,send
1.264000000000001,158001,transmit
1.2660000000000007,158001,ack
1.2660000000000007,191001,send
1.2660000000000007,192001,send
1.272000000000001,159001,transmit
1.2740000000000007,159001,ack
1.2740000000000007,193001,send
1.2740000000000007,194001,send
1.280000000000001,160001,transmit
1.2820000000000007,160001,ack
1.2820000000000007,195001,send
1.2820000000000007,196001,send
1.288000000000001,161001,transmit
1.2900000000000007,161001,ack
1.2900000000000007,197001,send
1.2900000000000007,198001,send
1.296000000000001,162001,transmit
1.2980000000000007,162001,ack
1.2980000000000007,199001,send
1.2980000000000007,200001,send
1.304000000000001,163001,transmit
1.3060000000000007,163001,ack
1.3060000000000007,201001,send
1.3060000000000007,202001,send
1.312000000000001,164001,transmit
1.3140000000000007,164001,ack
1.3140000000000007,203001,send
1.3140000000000007,204001,send
1.320000000000001,165001,transmit
1.3220000000000007,165001,ack
1.3220000000000007,205001,send
1.3220000000000007,206001,send
1.328000000000001,166001,transmit
1.3300000000000007,166001,ack
1.3300000000000007,207001,send
1.3300000000000007,208001,send
1.336000000000001,167001,transmit
1.3380000000000007,167001,ack
1.3380000000000007,209001,send
1.3380000000000007,210001,send
1.344000000000001,168001,transmit
1.3460000000000008,168001,ack
1.3460000000000008,211001,send
1.3460000000000008,212001,send
1.352000000000001,169001,transmit
1.3540000000000008,169001,ack
1.3540000000000008,213001,send
1.3540000000000008,214001,send
1.360000000000001,170001,transmit
1.3620000000000008,170001,ack
1.3620000000000008,215001,send
1.3620000000000008,216001,send
1.368000000000001,171001,transmit
1.3700000000000008,171001,ack
1.3700000000000008,217001,send
1.3700000000000008,218001,send
1.376000000000001,172001,transmit
1.3780000000000008,172001,ack
1.3780000000000008,219001,send
1.3780000000000008,220001,send
1.384000000000001,173001,transmit
1.3860000000000008,173001,ack
1.3860000000000008,221001,send
1.3860000000000008,222001,send
1.392000000000001,174001,transmit
1.3940000000000008,174001,ack
1.3940000000000008,223001,send
1.400000000000001,175001,transmit
1.4020000000000008,175001,ack
1.4020000000000008,224001,send
1.408000000000001,176001,transmit
1.4100000000000008,176001,ack
1.4100000000000008,225001,send
1.416000000000001,177001,transmit
1.4180000000000008,177001,ack
1.4180000000000008,226001,send
1.424000000000001,178001,transmit
1.4260000000000008,178001,ack
1.4260000000000008,227001,send
1.432000000000001,179001,transmit
1.4340000000000008,179001,ack
1.4340000000000008,228001,send
1.440000000000001,180001,transmit
1.4420000000000008,180001,ack
1.4420000000000008,229001,send
1.448000000000001,181001,transmit
1.4500000000000008,181001,ack
1.4500000000000008,230001,send
1.456000000000001,182001,transmit
1.4580000000000009,182001,ack
1.4580000000000009,231001,send
1.464000000000001,183001,transmit
1.4660000000000009,183001,ack
1.4660000000000009,232001,send
1.472000000000001,184001,transmit
1.4740000000000009,184001,ack
1.4740000000000009,233001,send
1.480000000000001,185001,transmit
1.4820000000000009,185001,ack
1.4820000000000009,234001,send
1.488000000000001,186001,transmit
1.4900000000000009,186001,ack
1.4900000000000009,235001,send
1.496000000000001,187001,transmit
1.4980000000000009,187001,ack
1.4980000000000009,236001,send
1.5040000000000011,188001,transmit
1.506000000000001,188001,ack
1.506000000000001,237001,send
1.5120000000000011,189001,transmit
1.514000000000001,189001,ack
1.514000000000001,238001,send
1.5200000000000011,190001,transmit
1.522000000000001,190001,ack
1.522000000000001,239001,send
1.5280000000000011,191001,transmit
1.530000000000001,191001,ack
1.530000000000001,240001,send
1.5360000000000011,192001,transmit
1.538000000000001,192001,ack
1.538000000000001,241001,send
1.5440000000000011,193001,transmit
1.546000000000001,193001,ack
1.546000000000001,242001,send
1.5520000000000012,194001,transmit
1.554000000000001,194001,ack
1.554000000000001,243001,send
1.5600000000000012,195001,transmit
1.562000000000001,195001,ack
1.562000000000001,244001,send
1.5680000000000012,196001,transmit
1.570000000000001,196001,ack
1.570000000000001,245001,send
1.5760000000000012,197001,transmit
1.578000000000001,197001,ack
1.578000000000001,246001,send
1.5840000000000012,198001,transmit
1.586000000000001,198001,ack
1.586000000000001,247001,send
1.5920000000000012,199001,transmit
1.594000000000001,199001,ack
1.594000000000001,248001,send
1.6000000000000012,200001,transmit
1.602000000000001,200001,ack
1.602000000000001,249001,send
1.6080000000000012,201001,transmit
1.610000000000001,201001,ack
1.610000000000001,250001,send
1.6160000000000012,202001,transmit
1.618000000000001,202001,ack
1.618000000000001,251001,send
1.6240000000000012,203001,transmit
1.626000000000001,203001,ack
1.626000000000001,252001,send
1.6320000000000012,204001,transmit
1.634000000000001,204001,ack
1.634000000000001,253001,send
1.6400000000000012,205001,transmit
1.642000000000001,205001,ack
1.642000000000001,254001,send
1.6480000000000012,206001,transmit
1.650000000000001,206001,ack
1.650000000000001,255001,send
1.6560000000000012,207001,transmit
1.658000000000001,207001,ack
1.658000000000001,256001,send
1.6640000000000013,208001,transmit
1.666000000000001,208001,ack
1.666000000000001,257001,send
1.6720000000000013,209001,transmit
1.674000000000001,209001,ack
1.674000000000001,258001,send
1.6800000000000013,210001,transmit
1.682000000000001,210001,ack
1.682000000000001,259001,send
1.6880000000000013,211001,transmit
1.690000000000001,211001,ack
1.690000000000001,260001,send
1.6960000000000013,212001,transmit
1.698000000000001,212001,ack
1.698000000000001,261001,send
1.7040000000000013,213001,transmit
1.706000000000001,213001,ack
1.706000000000001,262001,send
1.7120000000000013,214001,transmit
1.714000000000001,214001,ack
1.714000000000001,263001,send
1.7200000000000013,215001,transmit
1.722000000000001,215001,ack
1.722000000000001,264001,send
1.7280000000000013,216001,transmit
1.730000000000001,216001,ack
1.730000000000001,265001,send
1.7360000000000013,217001,transmit
1.738000000000001,217001,ack
1.738000000000001,266001,send
1.7440000000000013,218001,transmit
1.746000000000001,218001,ack
1.746000000000001,267001,send
1.7520000000000013,219001,transmit
1.7540000000000011,219001,ack
1.7540000000000011,268001,send
1.7600000000000013,220001,transmit
1.7620000000000011,220001,ack
1.7620000000000011,269001,send
1.7680000000000013,221001,transmit
1.7700000000000011,221001,ack
1.7700000000000011,270001,send
1.7760000000000014,222001,transmit
1.7780000000000011,222001,ack
1.7780000000000011,271001,send
1.7840000000000014,223001,transmit
1.7860000000000011,223001,ack
1.7860000000000011,272001,send
1.7920000000000014,124001,transmit
1.7940000000000011,224001,ack
1.7940000000000011,273001,send
1.8000000000000014,125001,transmit
1.8020000000000012,224001,ack
1.8080000000000014,126001,transmit
1.8100000000000012,224001,ack
1.8160000000000014,127001,transmit
1.8180000000000012,224001,ack
1.8180000000000012,224001,send
1.8240000000000014,128001,transmit
1.8260000000000012,224001,ack
1.8320000000000014,129001,transmit
1.8340000000000012,224001,ack
1.8400000000000014,130001,transmit
1.8420000000000012,224001,ack
1.8480000000000014,131001,transmit
1.8500000000000012,224001,ack
1.8560000000000014,132001,transmit
1.8580000000000012,224001,ack
1.8640000000000014,133001,transmit
1.8660000000000012,224001,ack
1.8720000000000014,134001,transmit
1.8740000000000012,224001,ack
1.8800000000000014,135001,transmit
1.8820000000000012,224001,ack
1.8880000000000015,136001,transmit
1.8900000000000012,224001,ack
1.8960000000000015,137001,transmit
1.8980000000000012,224001,ack
1.9040000000000015,138001,transmit
1.9060000000000012,224001,ack
1.9120000000000015,139001,transmit
1.9140000000000013,224001,ack
1.9200000000000015,140001,transmit
1.9220000000000013,224001,ack
1.9280000000000015,141001,transmit
1.9300000000000013,224001,ack
1.9360000000000015,142001,transmit
1.9380000000000013,224001,ack
1.9440000000000015,143001,transmit
1.9460000000000013,224001,ack
1.9520000000000015,144001,transmit
1.9540000000000013,224001,ack
1.9600000000000015,145001,transmit
1.9620000000000013,224001,ack
1.9680000000000015,146001,transmit
1.9700000000000013,224001,ack
1.9760000000000015,147001,transmit
1.9780000000000013,224001,ack
1.9840000000000015,148001,transmit
1.9860000000000013,224001,ack
1.9920000000000015,149001,transmit
1.9940000000000013,224001,ack
2.0000000000000013,150001,transmit
2.0020000000000007,224001,send
2.0020000000000016,224001,ack
2.0080000000000013,151001,transmit
2.010000000000001,224001,ack
2.0160000000000013,152001,transmit
2.018000000000001,224001,ack
2.0240000000000014,153001,transmit
2.026000000000001,224001,ack
2.0320000000000014,154001,transmit
2.034000000000001,224001,ack
2.0400000000000014,155001,transmit
2.042000000000001,224001,ack
2.0480000000000014,156001,transmit
2.050000000000001,224001,ack
2.0560000000000014,157001,transmit
2.058000000000001,224001,ack
2.0640000000000014,158001,transmit
2.066000000000001,224001,ack
2.0720000000000014,159001,transmit
2.074000000000001,224001,ack
2.0800000000000014,160001,transmit
2.082000000000001,224001,ack
2.0880000000000014,161001,transmit
2.090000000000001,224001,ack
2.0960000000000014,162001,transmit
2.098000000000001,224001,ack
2.1040000000000014,163001,transmit
2.106000000000001,224001,ack
2.1120000000000014,164001,transmit
2.114000000000001,224001,ack
2.1200000000000014,165001,transmit
2.122000000000001,224001,ack
2.1280000000000014,166001,transmit
2.1300000000000012,224001,ack
2.1360000000000015,167001,transmit
2.1380000000000012,224001,ack
2.1440000000000015,168001,transmit
2.1460000000000012,224001,ack
2.1520000000000015,169001,transmit
2.1540000000000012,224001,ack
2.1600000000000015,170001,transmit
2.1620000000000013,224001,ack
2.1680000000000015,171001,transmit
2.1700000000000013,224001,ack
2.1760000000000015,172001,transmit
2.1780000000000013,224001,ack
2.1840000000000015,173001,transmit
2.1860000000000013,224001,ack
2.1920000000000015,174001,transmit
2.1940000000000013,224001,ack
2.2000000000000015,175001,transmit
2.2020000000000013,224001,ack
2.2080000000000015,176001,transmit
2.2100000000000013,224001,ack
2.2160000000000015,177001,transmit
2.2180000000000013,224001,ack
2.2240000000000015,178001,transmit
2.2260000000000013,224001,ack
2.2320000000000015,179001,transmit
2.2340000000000013,224001,ack
2.2400000000000015,180001,transmit
2.2420000000000013,224001,ack
2.2480000000000016,181001,transmit
2.2500000000000013,224001,ack
2.2560000000000016,182001,transmit
2.2580000000000013,224001,ack
2.2640000000000016,183001,transmit
2.2660000000000013,224001,ack
2.2720000000000016,184001,transmit
2.2740000000000014,224001,ack
2.2800000000000016,185001,transmit
2.2820000000000014,224001,ack
2.2880000000000016,186001,transmit
2.2900000000000014,224001,ack
2.2960000000000016,187001,transmit
2.2980000000000014,224001,ack
2.3040000000000016,188001,transmit
2.3060000000000014,224001,ack
2.3120000000000016,189001,transmit
2.3140000000000014,224001,ack
2.3200000000000016,190001,transmit
2.3220000000000014,224001,ack
2.3280000000000016,191001,transmit
2.3300000000000014,224001,ack
2.3360000000000016,192001,transmit
2.3380000000000014,224001,ack
2.3440000000000016,193001,transmit
2.3460000000000014,224001,ack
2.3520000000000016,194001,transmit
2.3540000000000014,224001,ack
2.3600000000000017,195001,transmit
2.3620000000000014,224001,ack
2.3680000000000017,196001,transmit
2.3700000000000014,224001,ack
2.3760000000000017,197001,transmit
2.3780000000000014,224001,ack
2.3840000000000017,198001,transmit
2.3860000000000015,224001,ack
2.3920000000000017,199001,transmit
2.3940000000000015,224001,ack
2.4000000000000017,200001,transmit
2.4020000000000015,224001,ack
2.4080000000000017,201001,transmit
2.4100000000000015,224001,ack
2.4160000000000017,202001,transmit
2.4180000000000015,224001,ack
2.4240000000000017,203001,transmit
2.4260000000000015,224001,ack
2.4320000000000017,204001,transmit
2.4340000000000015,224001,ack
2.4400000000000017,205001,transmit
2.4420000000000015,224001,ack
2.4480000000000017,206001,transmit
2.4500000000000015,224001,ack
2.4560000000000017,207001,transmit
2.4580000000000015,224001,ack
2.4640000000000017,208001,transmit
2.4660000000000015,224001,ack
2.4720000000000018,209001,transmit
2.4740000000000015,224001,ack
2.4800000000000018,210001,transmit
2.4820000000000015,224001,ack
2.4880000000000018,211001,transmit
2.4900000000000015,224001,ack
2.4960000000000018,212001,transmit
2.4980000000000016,224001,ack
2.504000000000002,213001,transmit
2.5060000000000016,224001,ack
2.512000000000002,214001,transmit
2.5140000000000016,224001,ack
2.520000000000002,215001,transmit
2.5220000000000016,224001,ack
2.528000000000002,216001,transmit
2.5300000000000016,224001,ack
2.536000000000002,217001,transmit
2.5380000000000016,224001,ack
2.544000000000002,218001,transmit
2.5460000000000016,224001,ack
2.552000000000002,219001,transmit
2.5540000000000016,224001,ack
2.560000000000002,220001,transmit
2.5620000000000016,224001,ack
2.568000000000002,221001,transmit
2.5700000000000016,224001,ack
2.576000000000002,222001,transmit
2.5780000000000016,224001,ack
2.584000000000002,223001,transmit
2.5860000000000016,224001,ack
2.592000000000002,224001,transmit
2.5940000000000016,224001,ack
2.600000000000002,225001,transmit
2.6020000000000016,225001,ack
2.6020000000000016,225001,send
2.6020000000000016,226001,send
2.6020000000000016,227001,send
2.6020000000000016,228001,send
2.6020000000000016,229001,send
2.6020000000000016,230001,send
2.6020000000000016,231001,send
2.6020000000000016,232001,send
2.6020000000000016,233001,send
2.6020000000000016,234001,send
2.6020000000000016,235001,send
2.608000000000002,226001,transmit
2.6100000000000017,226001,ack
2.6100000000000017,236001,send
2.616000000000002,227001,transmit
2.6180000000000017,227001,ack
2.6180000000000017,237001,send
2.624000000000002,228001,transmit
2.6260000000000017,228001,ack
2.6260000000000017,238001,send
2.632000000000002,229001,transmit
2.6340000000000017,229001,ack
2.6340000000000017,239001,send
2.640000000000002,230001,transmit
2.6420000000000017,230001,ack
2.6420000000000017,240001,send
2.648000000000002,231001,transmit
2.6500000000000017,231001,ack
2.6500000000000017,241001,send
2.656000000000002,232001,transmit
2.6580000000000017,232001,ack
2.6580000000000017,242001,send
2.664000000000002,233001,transmit
2.6660000000000017,233001,ack
2.6660000000000017,243001,send
2.672000000000002,234001,transmit
2.6740000000000017,234001,ack
2.6740000000000017,244001,send
2.680000000000002,235001,transmit
2.6820000000000017,235001,ack
2.6820000000000017,245001,send
2.688000000000002,236001,transmit
2.6900000000000017,236001,ack
2.6900000000000017,246001,send
2.696000000000002,237001,transmit
2.6980000000000017,237001,ack
2.6980000000000017,247001,send
2.704000000000002,238001,transmit
2.7060000000000017,238001,ack
2.7060000000000017,248001,send
2.712000000000002,239001,transmit
2.7140000000000017,239001,ack
2.7140000000000017,249001,send
2.720000000000002,240001,transmit
2.7220000000000018,240001,ack
2.7220000000000018,250001,send
2.728000000000002,241001,transmit
2.7300000000000018,241001,ack
2.7300000000000018,251001,send
2.736000000000002,242001,transmit
2.7380000000000018,242001,ack
2.7380000000000018,252001,send
2.744000000000002,243001,transmit
2.7460000000000018,243001,ack
2.7460000000000018,253001,send
2.752000000000002,244001,transmit
2.754000000000002,244001,ack
2.754000000000002,254001,send
2.760000000000002,245001,transmit
2.762000000000002,245001,ack
2.762000000000002,255001,send
2.768000000000002,246001,transmit
2.770000000000002,246001,ack
2.770000000000002,256001,send
2.776000000000002,247001,transmit
2.778000000000002,247001,ack
2.778000000000002,257001,send
2.784000000000002,248001,transmit
2.786000000000002,248001,ack
2.786000000000002,258001,send
2.792000000000002,249001,transmit
2.794000000000002,249001,ack
2.794000000000002,259001,send
2.800000000000002,250001,transmit
2.802000000000002,250001,ack
2.802000000000002,260001,send
2.808000000000002,251001,transmit
2.810000000000002,251001,ack
2.810000000000002,261001,send
2.816000000000002,252001,transmit
2.818000000000002,252001,ack
2.818000000000002,262001,send
2.824000000000002,253001,transmit
2.826000000000002,253001,ack
2.826000000000002,263001,send
2.832000000000002,254001,transmit
2.834000000000002,254001,ack
2.834000000000002,264001,send
2.840000000000002,255001,transmit
2.842000000000002,255001,ack
2.842000000000002,265001,send
2.848000000000002,256001,transmit
2.850000000000002,256001,ack
2.850000000000002,266001,send
2.856000000000002,257001,transmit
2.858000000000002,257001,ack
2.858000000000002,267001,send
2.864000000000002,258001,transmit
2.866000000000002,258001,ack
2.866000000000002,268001,send
2.872000000000002,259001,transmit
2.874000000000002,259001,ack
2.874000000000002,269001,send
2.880000000000002,260001,transmit
2.882000000000002,260001,ack
2.882000000000002,270001,send
2.888000000000002,261001,transmit
2.890000000000002,261001,ack
2.890000000000002,271001,send
2.896000000000002,262001,transmit
2.898000000000002,262001,ack
2.898000000000002,272001,send
2.904000000000002,263001,transmit
2.906000000000002,263001,ack
2.906000000000002,273001,send
2.912000000000002,264001,transmit
2.914000000000002,264001,ack
2.914000000000002,274001,send
2.920000000000002,265001,transmit
2.922000000000002,265001,ack
2.922000000000002,275001,send
2.928000000000002,266001,transmit
2.930000000000002,266001,ack
2.930000000000002,276001,send
2.936000000000002,267001,transmit
2.938000000000002,267001,ack
2.938000000000002,277001,send
2.944000000000002,268001,transmit
2.946000000000002,268001,ack
2.946000000000002,278001,send
2.952000000000002,269001,transmit
2.954000000000002,269001,ack
2.954000000000002,279001,send
2.960000000000002,270001,transmit
2.962000000000002,270001,ack
2.962000000000002,280001,send
2.968000000000002,271001,transmit
2.970000000000002,271001,ack
2.970000000000002,281001,send
2.976000000000002,272001,transmit
2.978000000000002,272001,ack
2.978000000000002,282001,send
2.984000000000002,273001,transmit
2.986000000000002,273001,ack
2.986000000000002,283001,send
2.992000000000002,224001,transmit
2.994000000000002,274001,ack
2.994000000000002,284001,send
3.000000000000002,224001,transmit
3.002000000000002,274001,ack
3.0080000000000022,225001,transmit
3.010000000000002,274001,ack
3.0160000000000022,226001,transmit
3.018000000000002,274001,ack
3.018000000000002,274001,send
3.0240000000000022,227001,transmit
3.026000000000002,274001,ack
3.0320000000000022,228001,transmit
3.034000000000002,274001,ack
3.0400000000000023,229001,transmit
3.042000000000002,274001,ack
3.0480000000000023,230001,transmit
3.050000000000002,274001,ack
3.0560000000000023,231001,transmit
3.058000000000002,274001,ack
3.0640000000000023,232001,transmit
3.066000000000002,274001,ack
3.0720000000000023,233001,transmit
3.074000000000002,274001,ack
3.0800000000000023,234001,transmit
3.082000000000002,274001,ack
3.0880000000000023,235001,transmit
3.090000000000002,274001,ack
3.0960000000000023,236001,transmit
3.098000000000002,274001,ack
3.1040000000000023,237001,transmit
3.106000000000002,274001,ack
3.1120000000000023,238001,transmit
3.114000000000002,274001,ack
3.1200000000000023,239001,transmit
3.122000000000002,274001,ack
3.1280000000000023,240001,transmit
3.130000000000002,274001,ack
3.1360000000000023,241001,transmit
3.138000000000002,274001,ack
3.1440000000000023,242001,transmit
3.146000000000002,274001,ack
3.1520000000000024,243001,transmit
3.154000000000002,274001,ack
3.1600000000000024,244001,transmit
3.162000000000002,274001,ack
3.1680000000000024,245001,transmit
3.170000000000002,274001,ack
3.1760000000000024,246001,transmit
3.178000000000002,274001,ack
3.1840000000000024,247001,transmit
3.186000000000002,274001,ack
3.1920000000000024,248001,transmit
3.194000000000002,274001,ack
3.2000000000000024,249001,transmit
3.202000000000002,274001,ack
3.2080000000000024,250001,transmit
3.210000000000002,274001,ack
3.2160000000000024,251001,transmit
3.218000000000002,274001,ack
3.2240000000000024,252001,transmit
3.226000000000002,274001,ack
3.2320000000000024,253001,transmit
3.234000000000002,274001,ack
3.2400000000000024,254001,transmit
3.242000000000002,274001,ack
3.2480000000000024,255001,transmit
3.250000000000002,274001,ack
3.2560000000000024,256001,transmit
3.2580000000000022,274001,ack
3.2640000000000025,257001,transmit
3.2660000000000022,274001,ack
3.2720000000000025,258001,transmit
3.2740000000000022,274001,ack
3.2800000000000025,259001,transmit
3.2820000000000022,274001,ack
3.2880000000000025,260001,transmit
3.2900000000000023,274001,ack
3.2960000000000025,261001,transmit
3.2980000000000023,274001,ack
3.3040000000000025,262001,transmit
3.3060000000000023,274001,ack
3.3120000000000025,263001,transmit
3.3140000000000023,274001,ack
3.3200000000000025,264001,transmit
3.3220000000000023,274001,ack
3.3280000000000025,265001,transmit
3.3300000000000023,274001,ack
3.3360000000000025,266001,transmit
3.3380000000000023,274001,ack
3.3440000000000025,267001,transmit
3.3460000000000023,274001,ack
3.3520000000000025,268001,transmit
3.3540000000000023,274001,ack
3.3600000000000025,269001,transmit
3.3620000000000023,274001,ack
3.3680000000000025,270001,transmit
3.3700000000000023,274001,ack
3.3760000000000026,271001,transmit
3.3780000000000023,274001,ack
3.3840000000000026,272001,transmit
3.3860000000000023,274001,ack
3.3920000000000026,273001,transmit
3.3940000000000023,274001,ack
3.4000000000000026,274001,transmit
3.4020000000000024,274001,ack
3.4080000000000026,275001,transmit
3.4100000000000024,275001,ack
3.4100000000000024,275001,send
3.4100000000000024,276001,send
3.4100000000000024,277001,send
3.4100000000000024,278001,send
3.4100000000000024,279001,send
3.4160000000000026,276001,transmit
3.4180000000000024,276001,ack
3.4180000000000024,280001,send
3.4240000000000026,277001,transmit
3.4260000000000024,277001,ack
3.4260000000000024,281001,send
3.4320000000000026,278001,transmit
3.4340000000000024,278001,ack
3.4340000000000024,282001,send
3.4400000000000026,279001,transmit
3.4420000000000024,279001,ack
3.4420000000000024,283001,send
3.4480000000000026,280001,transmit
3.4500000000000024,280001,ack
3.4500000000000024,284001,send
3.4560000000000026,281001,transmit
3.4580000000000024,281001,ack
3.4580000000000024,285001,send
3.4640000000000026,282001,transmit
3.4660000000000024,282001,ack
3.4660000000000024,286001,send
3.4720000000000026,283001,transmit
3.4740000000000024,283001,ack
3.4740000000000024,287001,send
3.4800000000000026,284001,transmit
3.4820000000000024,284001,ack
3.4820000000000024,288001,send
3.4880000000000027,274001,transmit
3.4900000000000024,285001,ack
3.4900000000000024,289001,send
3.4960000000000027,275001,transmit
3.4980000000000024,285001,ack
3.5040000000000027,276001,transmit
3.5060000000000024,285001,ack
3.5120000000000027,277001,transmit
3.5140000000000025,285001,ack
3.5140000000000025,285001,send
3.5200000000000027,278001,transmit
3.5220000000000025,285001,ack
3.5280000000000027,279001,transmit
3.5300000000000025,285001,ack
3.5360000000000027,280001,transmit
3.5380000000000025,285001,ack
3.5440000000000027,281001,transmit
3.5460000000000025,285001,ack
3.5520000000000027,282001,transmit
3.5540000000000025,285001,ack
3.5600000000000027,283001,transmit
3.5620000000000025,285001,ack
3.5680000000000027,284001,transmit
3.5700000000000025,285001,ack
3.5760000000000027,285001,transmit
3.5780000000000025,285001,ack
3.5840000000000027,286001,transmit
3.5860000000000025,286001,ack
3.5860000000000025,286001,send
3.5860000000000025,287001,send
3.5920000000000027,287001,transmit
3.5940000000000025,287001,ack
3.5940000000000025,288001,send
3.6000000000000028,288001,transmit
3.6020000000000025,288001,ack
3.6020000000000025,289001,send
3.6080000000000028,289001,transmit
3.6100000000000025,289001,ack
3.6100000000000025,290001,send
3.6160000000000028,285001,transmit
3.6180000000000025,290001,ack
3.6180000000000025,291001,send
3.6240000000000028,286001,transmit
3.6260000000000026,290001,ack
3.632000000000003,287001,transmit
3.6340000000000026,290001,ack
3.640000000000003,288001,transmit
3.6420000000000026,290001,ack
3.6420000000000026,290001,send
3.648000000000003,289001,transmit
3.6500000000000026,290001,ack
3.656000000000003,290001,transmit
3.6580000000000026,290001,ack
3.664000000000003,291001,transmit
3.6660000000000026,291001,ack
3.6660000000000026,291001,send
3.672000000000003,290001,transmit
3.6740000000000026,292001,ack
3.6740000000000026,292001,send
3.680000000000003,291001,transmit
3.6820000000000026,292001,ack
3.688000000000003,292001,transmit
3.6900000000000026,292001,ack
3.6980000000000026,293001,ack
3.6980000000000026,293001,send
3.6980000000000026,293001,transmit
3.7080000000000024,294001,ack
3.7080000000000024,294001,send
3.7080000000000024,294001,transmit
3.718000000000002,295001,ack
3.718000000000002,295001,send
3.718000000000002,295001,transmit
3.728000000000002,296001,ack
3.728000000000002,296001,send
3.728000000000002,296001,transmit
3.7380000000000018,297001,ack
3.7380000000000018,297001,send
3.7380000000000018,297001,transmit
3.7480000000000016,298001,ack
3.7480000000000016,298001,send
3.7480000000000016,298001,transmit
3.7580000000000013,299001,ack
3.7580000000000013,299001,send
3.7580000000000013,299001,transmit
3.768000000000001,300001,ack
3.768000000000001,300001,send
3.768000000000001,300001,transmit
3.778000000000001,301001,ack
3.778000000000001,301001,send
3.778000000000001,301001,transmit
3.7880000000000007,302001,ack
3.7880000000000007,302001,send
3.7880000000000007,302001,transmit
3.7980000000000005,303001,ack
3.7980000000000005,303001,send
3.7980000000000005,303001,transmit
3.8080000000000003,304001,ack
3.8080000000000003,304001,send
3.8080000000000003,304001,transmit
3.818,305001,ack
3.818,305001,send
3.818,305001,transmit
3.828,306001,ack
3.828,306001,send
3.828,306001,transmit
3.8379999999999996,307001,ack
3.8379999999999996,307001,send
3.8379999999999996,307001,transmit
3.8479999999999994,308001,ack
3.8479999999999994,308001,send
3.8479999999999994,308001,transmit
3.857999999999999,309001,ack
3.857999999999999,309001,send
3.857999999999999,309001,transmit
3.867999999999999,310001,ack
3.867999999999999,310001,send
3.867999999999999,310001,transmit
3.877999999999999,311001,ack
3.877999999999999,311001,send
3.877999999999999,311001,transmit
3.8879999999999986,312001,ack
3.8879999999999986,312001,send
3.8879999999999986,312001,transmit
3.8979999999999984,313001,ack
3.8979999999999984,313001,send
3.8979999999999984,313001,transmit
3.907999999999998,314001,ack
3.907999999999998,314001,send
3.907999999999998,314001,transmit
3.917999999999998,315001,ack
3.917999999999998,315001,send
3.917999999999998,315001,transmit
3.9279999999999977,316001,ack
3.9279999999999977,316001,send
3.9279999999999977,316001,transmit
3.9379999999999975,317001,ack
3.9379999999999975,317001,send
3.9379999999999975,317001,transmit
3.9479999999999973,318001,ack
3.9479999999999973,318001,send
3.9479999999999973,318001,transmit
3.957999999999997,319001,ack
3.957999999999997,319001,send
3.957999999999997,319001,transmit
3.967999999999997,320001,ack
3.967999999999997,320001,send
3.967999999999997,320001,transmit
3.9779999999999966,321001,ack
3.9779999999999966,321001,send
3.9779999999999966,321001,transmit
3.9879999999999964,322001,ack
3.9879999999999964,322001,send
3.9879999999999964,322001,transmit
3.9979999999999962,323001,ack
3.9979999999999962,323001,send
3.9979999999999962,323001,transmit
4.0079999999999965,324001,ack
4.0079999999999965,324001,send
4.0079999999999965,324001,transmit
4.017999999999997,325001,ack
4.017999999999997,325001,send
4.017999999999997,325001,transmit
4.027999999999998,326001,ack
4.027999999999998,326001,send
4.027999999999998,326001,transmit
4.0379999999999985,327001,ack
4.0379999999999985,327001,send
4.0379999999999985,327001,transmit
4.047999999999999,328001,ack
4.047999999999999,328001,send
4.047999999999999,328001,transmit
4.058,329001,ack
4.058,329001,send
4.058,329001,transmit
4.0680000000000005,330001,ack
4.0680000000000005,330001,send
4.0680000000000005,330001,transmit
4.078000000000001,331001,ack
4.078000000000001,331001,send
4.078000000000001,331001,transmit
4.088000000000002,332001,ack
4.088000000000002,332001,send
4.088000000000002,332001,transmit
4.0980000000000025,333001,ack
4.0980000000000025,333001,send
4.0980000000000025,333001,transmit
4.108000000000003,334001,ack
4.108000000000003,334001,send
4.108000000000003,334001,transmit
4.118000000000004,335001,ack
4.118000000000004,335001,send
4.118000000000004,335001,transmit
4.1280000000000046,336001,ack
4.1280000000000046,336001,send
4.1280000000000046,336001,transmit
4.138000000000005,337001,ack
4.138000000000005,337001,send
4.138000000000005,337001,transmit
4.148000000000006,338001,ack
4.148000000000006,338001,send
4.148000000000006,338001,transmit
4.158000000000007,339001,ack
4.158000000000007,339001,send
4.158000000000007,339001,transmit
4.168000000000007,340001,ack
4.168000000000007,340001,send
4.168000000000007,340001,transmit
4.178000000000008,341001,ack
4.178000000000008,341001,send
4.178000000000008,341001,transmit
4.188000000000009,342001,ack
4.188000000000009,342001,send
4.188000000000009,342001,transmit
4.198000000000009,343001,ack
4.198000000000009,343001,send
4.198000000000009,343001,transmit
4.20800000000001,344001,ack
4.20800000000001,344001,send
4.20800000000001,344001,transmit
4.218000000000011,345001,ack
4.218000000000011,345001,send
4.218000000000011,345001,transmit
4.228000000000011,346001,ack
4.228000000000011,346001,send
4.228000000000011,346001,transmit
4.238000000000012,347001,ack
4.238000000000012,347001,send
4.238000000000012,347001,transmit
4.248000000000013,348001,ack
4.248000000000013,348001,send
4.248000000000013,348001,transmit
4.258000000000013,349001,ack
4.258000000000013,349001,send
4.258000000000013,349001,transmit
4.268000000000014,350001,ack
4.268000000000014,350001,send
4.268000000000014,350001,transmit
4.278000000000015,351001,ack
4.278000000000015,351001,send
4.278000000000015,351001,transmit
4.288000000000015,352001,ack
4.288000000000015,352001,send
4.288000000000015,352001,transmit
4.298000000000016,353001,ack
4.298000000000016,353001,send
4.298000000000016,353001,transmit
4.308000000000017,354001,ack
4.308000000000017,354001,send
4.308000000000017,354001,transmit
4.318000000000017,355001,ack
4.318000000000017,355001,send
4.318000000000017,355001,transmit
4.328000000000018,356001,ack
4.328000000000018,356001,send
4.328000000000018,356001,transmit
4.338000000000019,357001,ack
4.338000000000019,357001,send
4.338000000000019,357001,transmit
4.348000000000019,358001,ack
4.348000000000019,358001,send
4.348000000000019,358001,transmit
4.35800000000002,359001,ack
4.35800000000002,359001,send
4.35800000000002,359001,transmit
4.368000000000021,360001,ack
4.368000000000021,360001,send
4.368000000000021,360001,transmit
4.378000000000021,361001,ack
4.378000000000021,361001,send
4.378000000000021,361001,transmit
4.388000000000022,362001,ack
4.388000000000022,362001,send
4.388000000000022,362001,transmit
4.398000000000023,363001,ack
4.398000000000023,363001,send
4.398000000000023,363001,transmit
4.4080000000000235,364001,ack
4.4080000000000235,364001,send
4.4080000000000235,364001,transmit
4.418000000000024,365001,ack
4.418000000000024,365001,send
4.418000000000024,365001,transmit
4.428000000000025,366001,ack
4.428000000000025,366001,send
4.428000000000025,366001,transmit
4.4380000000000255,367001,ack
4.4380000000000255,367001,send
4.4380000000000255,367001,transmit
4.448000000000026,368001,ack
4.448000000000026,368001,send
4.448000000000026,368001,transmit
4.458000000000027,369001,ack
4.458000000000027,369001,send
4.458000000000027,369001,transmit
4.4680000000000275,370001,ack
4.4680000000000275,370001,send
4.4680000000000275,370001,transmit
4.478000000000028,371001,ack
4.478000000000028,371001,send
4.478000000000028,371001,transmit
4.488000000000029,372001,ack
4.488000000000029,372001,send
4.488000000000029,372001,transmit
4.4980000000000295,373001,ack
4.4980000000000295,373001,send
4.4980000000000295,373001,transmit
4.50800000000003,374001,ack
4.50800000000003,374001,send
4.50800000000003,374001,transmit
4.518000000000031,375001,ack
4.518000000000031,375001,send
4.518000000000031,375001,transmit
4.5280000000000316,376001,ack
4.5280000000000316,376001,send
4.5280000000000316,376001,transmit
4.538000000000032,377001,ack
4.538000000000032,377001,send
4.538000000000032,377001,transmit
4.548000000000033,378001,ack
4.548000000000033,378001,send
4.548000000000033,378001,transmit
4.558000000000034,379001,ack
4.558000000000034,379001,send
4.558000000000034,379001,transmit
4.568000000000034,380001,ack
4.568000000000034,380001,send
4.568000000000034,380001,transmit
4.578000000000035,381001,ack
4.578000000000035,381001,send
4.578000000000035,381001,transmit
4.588000000000036,382001,ack
4.588000000000036,382001,send
4.588000000000036,382001,transmit
4.598000000000036,383001,ack
4.598000000000036,383001,send
4.598000000000036,383001,transmit
4.608000000000037,384001,ack
4.608000000000037,384001,send
4.608000000000037,384001,transmit
4.618000000000038,385001,ack
4.618000000000038,385001,send
4.618000000000038,385001,transmit
4.628000000000038,386001,ack
4.628000000000038,386001,send
4.628000000000038,386001,transmit
4.638000000000039,387001,ack
4.638000000000039,387001,send
4.638000000000039,387001,transmit
4.64800000000004,388001,ack
4.64800000000004,388001,send
4.64800000000004,388001,transmit
4.65800000000004,389001,ack
4.65800000000004,389001,send
4.65800000000004,389001,transmit
4.668000000000041,390001,ack
4.668000000000041,390001,send
4.668000000000041,390001,transmit
4.678000000000042,391001,ack
4.678000000000042,391001,send
4.678000000000042,391001,transmit
4.688000000000042,392001,ack
4.688000000000042,392001,send
4.688000000000042,392001,transmit
4.698000000000043,393001,ack
4.698000000000043,393001,send
4.698000000000043,393001,transmit
4.708000000000044,394001,ack
4.708000000000044,394001,send
4.708000000000044,394001,transmit
4.718000000000044,395001,ack
4.718000000000044,395001,send
4.718000000000044,395001,transmit
4.728000000000045,396001,ack
4.728000000000045,396001,send
4.728000000000045,396001,transmit
4.738000000000046,397001,ack
4.738000000000046,397001,send
4.738000000000046,397001,transmit
4.748000000000046,398001,ack
4.748000000000046,398001,send
4.748000000000046,398001,transmit
4.758000000000047,399001,ack
4.758000000000047,399001,send
4.758000000000047,399001,transmit
4.768000000000048,400001,ack
4.768000000000048,400001,send
4.768000000000048,400001,transmit
4.778000000000048,401001,ack
4.778000000000048,401001,send
4.778000000000048,401001,transmit
4.788000000000049,402001,ack
4.788000000000049,402001,send
4.788000000000049,402001,transmit
4.79800000000005,403001,ack
4.79800000000005,403001,send
4.79800000000005,403001,transmit
4.8080000000000505,404001,ack
4.8080000000000505,404001,send
4.8080000000000505,404001,transmit
4.818000000000051,405001,ack
4.818000000000051,405001,send
4.818000000000051,405001,transmit
4.828000000000052,406001,ack
4.828000000000052,406001,send
4.828000000000052,406001,transmit
4.8380000000000525,407001,ack
4.8380000000000525,407001,send
4.8380000000000525,407001,transmit
4.848000000000053,408001,ack
4.848000000000053,408001,send
4.848000000000053,408001,transmit
4.858000000000054,409001,ack
4.858000000000054,409001,send
4.858000000000054,409001,transmit
4.8680000000000545,410001,ack
4.8680000000000545,410001,send
4.8680000000000545,410001,transmit
4.878000000000055,411001,ack
4.878000000000055,411001,send
4.878000000000055,411001,transmit
4.888000000000056,412001,ack
4.888000000000056,412001,send
4.888000000000056,412001,transmit
4.8980000000000565,413001,ack
4.8980000000000565,413001,send
4.8980000000000565,413001,transmit
4.908000000000057,414001,ack
4.908000000000057,414001,send
4.908000000000057,414001,transmit
4.918000000000058,415001,ack
4.918000000000058,415001,send
4.918000000000058,415001,transmit
4.9280000000000586,416001,ack
4.9280000000000586,416001,send
4.9280000000000586,416001,transmit
4.938000000000059,417001,ack
4.938000000000059,417001,send
4.938000000000059,417001,transmit
4.94800000000006,418001,ack
4.94800000000006,418001,send
4.94800000000006,418001,transmit
4.958000000000061,419001,ack
4.958000000000061,419001,send
4.958000000000061,419001,transmit
4.968000000000061,420001,ack
4.968000000000061,420001,send
4.968000000000061,420001,transmit
4.978000000000062,421001,ack
4.978000000000062,421001,send
4.978000000000062,421001,transmit
4.988000000000063,422001,ack
4.988000000000063,422001,send
4.988000000000063,422001,transmit
4.998000000000063,423001,ack
4.998000000000063,423001,send
4.998000000000063,423001,transmit
5.008000000000064,424001,ack
5.008000000000064,424001,send
5.008000000000064,424001,transmit
5.018000000000065,425001,ack
5.018000000000065,425001,send
5.018000000000065,425001,transmit
5.028000000000065,426001,ack
5.028000000000065,426001,send
5.028000000000065,426001,transmit
5.038000000000066,427001,ack
5.038000000000066,427001,send
5.038000000000066,427001,transmit
5.048000000000067,428001,ack
5.048000000000067,428001,send
5.048000000000067,428001,transmit
5.058000000000067,429001,ack
5.058000000000067,429001,send
5.058000000000067,429001,transmit
5.068000000000068,430001,ack
5.068000000000068,430001,send
5.068000000000068,430001,transmit
5.078000000000069,431001,ack
5.078000000000069,431001,send
5.078000000000069,431001,transmit
5.088000000000069,432001,ack
5.088000000000069,432001,send
5.088000000000069,432001,transmit
5.09800000000007,433001,ack
5.09800000000007,433001,send
5.09800000000007,433001,transmit
5.108000000000071,434001,ack
5.108000000000071,434001,send
5.108000000000071,434001,transmit
5.118000000000071,435001,ack
5.118000000000071,435001,send
5.118000000000071,435001,transmit
5.128000000000072,436001,ack
5.128000000000072,436001,send
5.128000000000072,436001,transmit
5.138000000000073,437001,ack
5.138000000000073,437001,send
5.138000000000073,437001,transmit
5.148000000000073,438001,ack
5.148000000000073,438001,send
5.148000000000073,438001,transmit
5.158000000000074,439001,ack
5.158000000000074,439001,send
5.158000000000074,439001,transmit
5.168000000000075,440001,ack
5.168000000000075,440001,send
5.168000000000075,440001,transmit
5.178000000000075,441001,ack
5.178000000000075,441001,send
5.178000000000075,441001,transmit
5.188000000000076,442001,ack
5.188000000000076,442001,send
5.188000000000076,442001,transmit
5.198000000000077,443001,ack
5.198000000000077,443001,send
5.198000000000077,443001,transmit
5.2080000000000775,444001,ack
5.2080000000000775,444001,send
5.2080000000000775,444001,transmit
5.218000000000078,445001,ack
5.218000000000078,445001,send
5.218000000000078,445001,transmit
5.228000000000079,446001,ack
5.228000000000079,446001,send
5.228000000000079,446001,transmit
5.2380000000000795,447001,ack
5.2380000000000795,447001,send
5.2380000000000795,447001,transmit
5.24800000000008,448001,ack
5.24800000000008,448001,send
5.24800000000008,448001,transmit
5.258000000000081,449001,ack
5.258000000000081,449001,send
5.258000000000081,449001,transmit
5.2680000000000815,450001,ack
5.2680000000000815,450001,send
5.2680000000000815,450001,transmit
5.278000000000082,451001,ack
5.278000000000082,451001,send
5.278000000000082,451001,transmit
5.288000000000083,452001,ack
5.288000000000083,452001,send
5.288000000000083,452001,transmit
5.2980000000000835,453001,ack
5.2980000000000835,453001,send
5.2980000000000835,453001,transmit
5.308000000000084,454001,ack
5.308000000000084,454001,send
5.308000000000084,454001,transmit
5.318000000000085,455001,ack
5.318000000000085,455001,send
5.318000000000085,455001,transmit
5.328000000000086,456001,ack
5.328000000000086,456001,send
5.328000000000086,456001,transmit
5.338000000000086,457001,ack
5.338000000000086,457001,send
5.338000000000086,457001,transmit
5.348000000000087,458001,ack
5.348000000000087,458001,send
5.348000000000087,458001,transmit
5.358000000000088,459001,ack
5.358000000000088,459001,send
5.358000000000088,459001,transmit
5.368000000000088,460001,ack
5.368000000000088,460001,send
5.368000000000088,460001,transmit
5.378000000000089,461001,ack
5.378000000000089,461001,send
5.378000000000089,461001,transmit
5.38800000000009,462001,ack
5.38800000000009,462001,send
5.38800000000009,462001,transmit
5.39800000000009,463001,ack
5.39800000000009,463001,send
5.39800000000009,463001,transmit
5.408000000000091,464001,ack
5.408000000000091,464001,send
5.408000000000091,464001,transmit
5.418000000000092,465001,ack
5.418000000000092,465001,send
5.418000000000092,465001,transmit
5.428000000000092,466001,ack
5.428000000000092,466001,send
5.428000000000092,466001,transmit
5.438000000000093,467001,ack
5.438000000000093,467001,send
5.438000000000093,467001,transmit
5.448000000000094,468001,ack
5.448000000000094,468001,send
5.448000000000094,468001,transmit
5.458000000000094,469001,ack
5.458000000000094,469001,send
5.458000000000094,469001,transmit
5.468000000000095,470001,ack
5.468000000000095,470001,send
5.468000000000095,470001,transmit
5.478000000000096,471001,ack
5.478000000000096,471001,send
5.478000000000096,471001,transmit
5.488000000000096,472001,ack
5.488000000000096,472001,send
5.488000000000096,472001,transmit
5.498000000000097,473001,ack
5.498000000000097,473001,send
5.498000000000097,473001,transmit
5.508000000000098,474001,ack
5.508000000000098,474001,send
5.508000000000098,474001,transmit
5.518000000000098,475001,ack
5.518000000000098,475001,send
5.518000000000098,475001,transmit
5.528000000000099,476001,ack
5.528000000000099,476001,send
5.528000000000099,476001,transmit
5.5380000000001,477001,ack
5.5380000000001,477001,send
5.5380000000001,477001,transmit
5.5480000000001,478001,ack
5.5480000000001,478001,send
5.5480000000001,478001,transmit
5.558000000000101,479001,ack
5.558000000000101,479001,send
5.558000000000101,479001,transmit
5.568000000000102,480001,ack
5.568000000000102,480001,send
5.568000000000102,480001,transmit
5.578000000000102,481001,ack
5.578000000000102,481001,send
5.578000000000102,481001,transmit
5.588000000000103,482001,ack
5.588000000000103,482001,send
5.588000000000103,482001,transmit
5.598000000000104,483001,ack
5.598000000000104,483001,send
5.598000000000104,483001,transmit
5.6080000000001045,484001,ack
5.6080000000001045,484001,send
5.6080000000001045,484001,transmit
5.618000000000105,485001,ack
5.618000000000105,485001,send
5.618000000000105,485001,transmit
5.628000000000106,486001,ack
5.628000000000106,486001,send
5.628000000000106,486001,transmit
5.6380000000001065,487001,ack
5.6380000000001065,487001,send
5.6380000000001065,487001,transmit
5.648000000000107,488001,ack
5.648000000000107,488001,send
5.648000000000107,488001,transmit
5.658000000000108,489001,ack
5.658000000000108,489001,send
5.658000000000108,489001,transmit
5.6680000000001085,490001,ack
5.6680000000001085,490001,send
5.6680000000001085,490001,transmit
5.678000000000109,491001,ack
5.678000000000109,491001,send
5.678000000000109,491001,transmit
5.68800000000011,492001,ack
5.68800000000011,492001,send
5.68800000000011,492001,transmit
5.6980000000001105,493001,ack
5.6980000000001105,493001,send
5.6980000000001105,493001,transmit
5.708000000000111,494001,ack
5.708000000000111,494001,send
5.708000000000111,494001,transmit
5.718000000000112,495001,ack
5.718000000000112,495001,send
5.718000000000112,495001,transmit
5.728000000000113,496001,ack
5.728000000000113,496001,send
5.728000000000113,496001,transmit
5.738000000000113,497001,ack
5.738000000000113,497001,send
5.738000000000113,497001,transmit
5.748000000000114,498001,ack
5.748000000000114,498001,send
5.748000000000114,498001,transmit
5.758000000000115,499001,ack
5.758000000000115,499001,send
5.758000000000115,499001,transmit
5.768000000000115,500001,ack
5.768000000000115,500001,send
5.768000000000115,500001,transmit
5.778000000000116,501001,ack
5.778000000000116,501001,send
5.778000000000116,501001,transmit
5.788000000000117,502001,ack
5.788000000000117,502001,send
5.788000000000117,502001,transmit
5.798000000000117,503001,ack
5.798000000000117,503001,send
5.798000000000117,503001,transmit
5.808000000000118,504001,ack
5.808000000000118,504001,send
5.808000000000118,504001,transmit
5.818000000000119,505001,ack
5.818000000000119,505001,send
5.818000000000119,505001,transmit
5.828000000000119,506001,ack
5.828000000000119,506001,send
5.828000000000119,506001,transmit
5.83800000000012,507001,ack
5.83800000000012,507001,send
5.83800000000012,507001,transmit
5.848000000000121,508001,ack
5.848000000000121,508001,send
5.848000000000121,508001,transmit
5.858000000000121,509001,ack
5.858000000000121,509001,send
5.858000000000121,509001,transmit
5.868000000000122,510001,ack
5.868000000000122,510001,send
5.868000000000122,510001,transmit
5.878000000000123,511001,ack
5.878000000000123,511001,send
5.878000000000123,511001,transmit
5.888000000000123,512001,ack
5.888000000000123,512001,send
5.888000000000123,512001,transmit
5.898000000000124,513001,ack
5.898000000000124,513001,send
5.898000000000124,513001,transmit
5.908000000000125,514001,ack
5.908000000000125,514001,send
5.908000000000125,514001,transmit
5.914160000000125,514521,ack
